State,CMS Certification Number (CCN),Provider Name,Address,City/Town,ZIP Code,Telephone Number,Type of Ownership,Offers Nursing Care Services,Offers Physical Therapy Services,Offers Occupational Therapy Services,Offers Speech Pathology Services,Offers Medical Social Services,Offers Home Health Aide Services,Certification Date,Quality of patient care star rating,Footnote for quality of patient care star rating,Numerator for how often the home health team began their patients' care in a timely manner,Denominator for how often the home health team began their patients' care in a timely manner,How often the home health team began their patients' care in a timely manner,Footnote for how often the home health team began their patients' care in a timely manner,Numerator for how often the home health team determined whether patients received a flu shot for the current flu season,Denominator for how often the home health team determined whether patients received a flu shot for the current flu season,How often the home health team determined whether patients received a flu shot for the current flu season,Footnote for how often the home health team determined whether patients received a flu shot for the current flu season,Numerator for how often patients got better at walking or moving around,Denominator for how often patients got better at walking or moving around,How often patients got better at walking or moving around,Footnote for how often patients got better at walking or moving around,Numerator for how often patients got better at getting in and out of bed,Denominator for how often patients got better at getting in and out of bed,How often patients got better at getting in and out of bed,Footnote for how often patients got better at getting in and out of bed,Numerator for how often patients got better at bathing,Denominator for how often patients got better at bathing,How often patients got better at bathing,Footnote for how often patients got better at bathing,Numerator for how often patients' breathing improved,Denominator for how often patients' breathing improved,How often patients' breathing improved,Footnote for how often patients' breathing improved,Numerator for how often patients got better at taking their drugs correctly by mouth,Denominator for how often patients got better at taking their drugs correctly by mouth,How often patients got better at taking their drugs correctly by mouth,Footnote for how often patients got better at taking their drugs correctly by mouth,Numerator for Changes in skin integrity post-acute care: pressure ulcer/injury,Denominator for Changes in skin integrity post-acute care: pressure ulcer/injury,Changes in skin integrity post-acute care: pressure ulcer/injury,Footnote Changes in skin integrity post-acute care: pressure ulcer/injury,Numerator for how often physician-recommended actions to address medication issues were completely timely,Denominator for how often physician-recommended actions to address medication issues were completely timely,How often physician-recommended actions to address medication issues were completely timely,Footnote for how often physician-recommended actions to address medication issues were completely timely,Numerator for Percent of Residents Experiencing One or More Falls with Major Injury,Denominator for Percent of Residents Experiencing One or More Falls with Major Injury,Percent of Residents Experiencing One or More Falls with Major Injury,Footnote for Percent of Residents Experiencing One or More Falls with Major Injury,Numerator for Discharge Function Score,Denominator for Discharge Function Score,Discharge Function Score,Footnote for Discharge Function Score,Numerator for Transfer of Health Information to the Provider,Denominator for Transfer of Health Information to the Provider,Transfer of Health Information to the Provider,Footnote for Transfer of Health Information to the Provider,Numerator for Transfer of Health Information to the Patient,Denominator for Transfer of Health Information to the Patient,Transfer of Health Information to the Patient,Footnote for Transfer of Health Information to the Patient,DTC Numerator,DTC Denominator,DTC Observed Rate,DTC Risk-Standardized Rate,DTC Risk-Standardized Rate (Lower Limit),DTC Risk-Standardized Rate (Upper Limit),DTC Performance Categorization,Footnote for DTC Risk-Standardized Rate,PPR Numerator,PPR Denominator,PPR Observed Rate,PPR Risk-Standardized Rate,PPR Risk-Standardized Rate (Lower Limit),PPR Risk-Standardized Rate (Upper Limit),PPR Performance Categorization,Footnote for PPR Risk-Standardized Rate,PPH Numerator,PPH Denominator,PPH Observed Rate,PPH Risk-Standardized Rate,PPH Risk-Standardized Rate (Lower Limit),PPH Risk-Standardized Rate (Upper Limit),PPH Performance Categorization,Footnote for PPH Risk-Standardized Rate,"How much Medicare spends on an episode of care at this agency, compared to Medicare spending across all agencies nationally","Footnote for how much Medicare spends on an episode of care at this agency, compared to Medicare spending across all agencies nationally","No. of episodes to calc how much Medicare spends per episode of care at agency, compared to spending at all agencies (national)",_lead_score,_signals
AZ,037233,HORIZON HOME HEALTH OF PHOENIX,"2720 EAST THOMAS ROAD, SUITE 270B",PHOENIX,85016,4808945113,PROPRIETARY,Yes,Yes,Yes,Yes,Yes,Yes,12/15/2004,2,-,47,77,61.04,-,42,44,95.45,-,35,58,72.46,-,44,59,87.83,-,49,62,91.41,-,21,36,74.50,-,24,40,75.59,-,0,66,0.00,-,63,84,75.00,-,0,83,0.00,-,47,65,72.31,-,4,20,20.00,-,49,64,76.56,-,-,11,-,-,-,-,Not Available,The number of patient episodes for this measure is too small to report.,-,6,-,-,-,-,Not Available,The number of patient episodes for this measure is too small to report.,-,1,-,-,-,-,Not Available,The number of patient episodes for this measure is too small to report.,-,The number of patient episodes for this measure is too small to report.,14,170,Low CMS star rating; Timely care performance gap; Quality performance concern
CA,053109,ANGELICUM HOME HEALTH INC,3914 MURPHY CANYON RD,SAN DIEGO,92123,8585255295,PROPRIETARY,Yes,Yes,Yes,Yes,Yes,Yes,05/02/2017,2,-,44,54,81.48,-,26,37,70.27,-,14,30,72.95,-,11,28,71.45,-,21,31,87.49,-,-,-,-,The number of patient episodes for this measure is too small to report.,15,29,83.93,-,0,31,0.00,-,47,54,87.04,-,0,54,0.00,-,24,31,77.42,-,29,31,93.55,-,19,23,82.61,-,39,54,72.22,78.88,66.74,89.14,Same As National Rate,-,-,8,-,-,-,-,Not Available,The number of patient episodes for this measure is too small to report.,4,33,12.12,11.13,6.64,18.58,Same As National Rate,-,0.79,-,151,170,Low CMS star rating; Timely care performance gap; Quality performance concern
CA,053122,MERIT HOME HEALTH SERVICES INC,1003 COOLEY DRIVE SUITE 108,COLTON,92324,9098258767,PROPRIETARY,Yes,Yes,Yes,Yes,Yes,Yes,06/13/2017,1.5,-,36,47,76.60,-,22,35,62.86,-,7,24,36.91,-,6,22,46.13,-,9,25,42.27,-,-,-,-,The number of patient episodes for this measure is too small to report.,8,23,43.03,-,0,26,0.00,-,42,48,87.50,-,1,48,2.08,-,18,26,69.23,-,17,26,65.38,-,19,22,86.36,-,64,90,71.11,76.86,68.44,84.67,Same As National Rate,-,4,70,5.71,4.24,2.89,6.12,Same As National Rate,-,4,31,12.90,10.47,5.95,18.33,Same As National Rate,-,0.91,-,182,170,Low CMS star rating; Timely care performance gap; Quality performance concern
CA,053163,PROFESSIONAL CARE HOME HEALTH,13701 RIVERSIDE DR SUITE 701,SHERMAN OAKS,91401,3102834449,PROPRIETARY,Yes,Yes,Yes,Yes,Yes,Yes,12/06/2017,1.5,-,57,81,70.37,-,58,58,100.00,-,43,66,68.65,-,38,66,62.50,-,45,66,68.40,-,33,66,51.01,-,7,65,28.51,-,0,67,0.00,-,0,81,0.00,-,0,81,0.00,-,26,66,39.39,-,0,52,0.00,-,0,29,0.00,-,121,158,76.58,81.58,74.47,87.11,Same As National Rate,-,2,51,3.92,4.14,2.93,5.83,Same As National Rate,-,7,78,8.97,10.01,6.16,16.10,Same As National Rate,-,1.03,-,323,170,Low CMS star rating; Timely care performance gap; Quality performance concern
CA,053187,"BLISS HOME HEALTH, INC",14349 VICTORY BLVD. SUITE 105B,VAN NUYS,91401,8187790419,PROPRIETARY,Yes,Yes,Yes,Yes,Yes,Yes,05/22/2018,2,-,56,63,88.89,-,51,51,100.00,-,31,43,81.16,-,15,43,55.24,-,33,43,81.86,-,18,22,93.71,-,22,42,74.38,-,0,43,0.00,-,19,64,29.69,-,0,64,0.00,-,14,43,32.56,-,14,37,37.84,-,23,27,85.19,-,28,34,82.35,85.22,72.96,93.68,Same As National Rate,-,-,9,-,-,-,-,Not Available,The number of patient episodes for this measure is too small to report.,4,25,16.00,14.02,7.04,24.15,Same As National Rate,-,0.90,-,135,170,Low CMS star rating; Timely care performance gap; Quality performance concern
CA,058213,"INTENSIVE HOME HEALTH CARE, INC",21671 GATEWAY CENTER SUITE 104,DIAMOND BAR,91765,9093968585,NON-PROFIT,Yes,Yes,Yes,Yes,Yes,Yes,10/23/2003,1.5,-,39,60,65.00,-,8,35,22.86,-,49,56,82.75,-,0,56,0.00,-,28,56,46.15,-,43,52,87.28,-,30,55,50.41,-,0,56,0.00,-,5,60,8.33,-,0,60,0.00,-,4,56,7.14,-,-,-,-,The number of patient episodes for this measure is too small to report.,56,56,100.00,-,-,11,-,-,-,-,Not Available,The number of patient episodes for this measure is too small to report.,-,2,-,-,-,-,Not Available,The number of patient episodes for this measure is too small to report.,-,5,-,-,-,-,Not Available,The number of patient episodes for this measure is too small to report.,-,The number of patient episodes for this measure is too small to report.,12,170,Low CMS star rating; Timely care performance gap; Quality performance concern
CA,058332,PROFESSIONAL CARE HOME HEALTH SERVICES INC,1720 E LOS ANGELES AVE STES 213-215,SIMI VALLEY,93065,8055770189,PROPRIETARY,Yes,Yes,Yes,Yes,Yes,Yes,03/29/2006,1.5,-,52,72,72.22,-,40,59,67.80,-,27,45,73.14,-,29,44,89.98,-,23,46,60.64,-,30,43,74.79,-,28,43,75.01,-,0,47,0.00,-,60,72,83.33,-,2,72,2.78,-,6,42,14.29,-,4,23,17.39,-,38,46,82.61,-,78,98,79.59,79.99,72.34,86.29,Same As National Rate,-,0,22,0.00,4.00,2.76,5.80,Same As National Rate,-,10,53,18.87,16.02,9.43,24.89,Same As National Rate,-,0.83,-,664,170,Low CMS star rating; Timely care performance gap; Quality performance concern
CA,058360,SILVER AGE HOME HEALTH CARE AGENCY INC,520 SOUTH LAFAYETTE PARK PL,LOS ANGELES,90057,2133855788,PROPRIETARY,Yes,Yes,Yes,Yes,Yes,Yes,03/05/2007,2,-,67,85,78.82,-,39,61,63.93,-,21,46,66.97,-,20,46,77.48,-,33,46,77.06,-,31,43,83.81,-,30,46,79.16,-,0,46,0.00,-,71,85,83.53,-,1,85,1.18,-,24,46,52.17,-,18,47,38.30,-,35,37,94.59,-,69,89,77.53,84.00,74.60,93.36,Same As National Rate,-,-,15,-,-,-,-,Not Available,The number of patient episodes for this measure is too small to report.,6,40,15.00,12.03,6.45,21.29,Same As National Rate,-,0.97,-,272,170,Low CMS star rating; Timely care performance gap; Quality performance concern
CA,058374,HEMET HOME HEALTH CARE,233 SOUTH CARMALITA,HEMET,92543,9517669966,PROPRIETARY,Yes,Yes,Yes,Yes,Yes,Yes,06/21/2007,1,-,41,46,89.13,-,0,32,0.00,-,9,37,45.65,-,7,36,35.73,-,6,38,35.48,-,-,-,-,The number of patient episodes for this measure is too small to report.,3,24,32.77,-,0,46,0.00,-,0,49,0.00,-,-,-,-,The number of patient episodes for this measure is too small to report.,18,43,41.86,-,-,-,-,This measure currently does not have data or provider has been certified/recertified for less than 6 months.,0,46,0.00,-,25,52,48.08,54.30,41.18,66.25,Worse Than National Rate,-,-,13,-,-,-,-,Not Available,The number of patient episodes for this measure is too small to report.,-,19,-,-,-,-,Not Available,The number of patient episodes for this measure is too small to report.,0.79,-,173,170,Low CMS star rating; Timely care performance gap; Quality performance concern
CA,058390,"LIFECARE HOME HEALTH SERVICES, INC",540 E FOOTHILL BLVD SUITE 200,SAN DIMAS,91773,6269646204,PROPRIETARY,Yes,Yes,Yes,Yes,Yes,Yes,07/11/2007,2,-,43,71,60.56,-,41,48,85.42,-,17,42,62.54,-,11,42,58.98,-,23,43,66.05,-,36,39,100.00,-,11,28,60.03,-,0,45,0.00,-,62,71,87.32,-,1,71,1.41,-,20,43,46.51,-,14,28,50.00,-,38,43,88.37,-,72,103,69.90,73.96,63.84,80.92,Same As National Rate,-,-,13,-,-,-,-,Not Available,The number of patient episodes for this measure is too small to report.,2,58,3.45,8.51,5.18,14.84,Same As National Rate,-,0.87,-,221,170,Low CMS star rating; Timely care performance gap; Quality performance concern
CA,058406,"PATIENTS FIRST HOME HEALTH AGENCY, INC","23210 S CRENSHAW BLVD, SUITE 200",TORRANCE,90505,3105348689,PROPRIETARY,Yes,Yes,Yes,Yes,Yes,Yes,08/22/2007,1,-,29,34,85.29,-,0,25,0.00,-,4,22,44.73,-,4,21,39.45,-,4,22,35.53,-,-,-,-,The number of patient episodes for this measure is too small to report.,-,-,-,The number of patient episodes for this measure is too small to report.,0,24,0.00,-,13,34,38.24,-,0,34,0.00,-,6,22,27.27,-,5,30,16.67,-,-,-,-,The number of patient episodes for this measure is too small to report.,38,51,74.51,84.63,67.17,94.67,Same As National Rate,-,-,11,-,-,-,-,Not Available,The number of patient episodes for this measure is too small to report.,7,21,33.33,15.31,9.04,24.17,Same As National Rate,-,1.33,-,141,170,Low CMS star rating; Timely care performance gap; Quality performance concern
CA,058421,"GLOBAL HOME HEALTH, INC",515 N VICTORY BLVD,BURBANK,91502,8185089911,PROPRIETARY,Yes,Yes,Yes,Yes,Yes,Yes,10/29/2007,2,-,49,55,89.09,-,20,45,44.44,-,12,31,58.79,-,15,30,74.03,-,24,31,83.47,-,28,31,90.46,-,18,31,76.36,-,0,31,0.00,-,24,55,43.64,-,1,55,1.82,-,27,31,87.10,-,39,39,100.00,-,-,-,-,The number of patient episodes for this measure is too small to report.,51,59,86.44,84.75,73.96,91.44,Same As National Rate,-,-,6,-,-,-,-,Not Available,The number of patient episodes for this measure is too small to report.,1,23,4.35,10.41,5.48,19.53,Same As National Rate,-,0.83,-,400,170,Low CMS star rating; Timely care performance gap; Quality performance concern
CA,058433,"ER HOME HEALTH, INC",2001 W BEVERLY BLVD UNIT B,MONTEBELLO,90640,3238872883,PROPRIETARY,Yes,Yes,Yes,Yes,Yes,Yes,02/11/2008,1,-,74,84,88.10,-,7,64,10.94,-,9,47,34.95,-,10,47,37.89,-,6,49,25.26,-,6,42,23.33,-,4,47,27.09,-,1,51,1.69,-,74,84,88.10,-,1,84,1.19,-,7,47,14.89,-,69,69,100.00,-,-,-,-,The number of patient episodes for this measure is too small to report.,41,73,56.16,66.01,53.61,74.33,Worse Than National Rate,-,-,11,-,-,-,-,Not Available,The number of patient episodes for this measure is too small to report.,9,35,25.71,15.74,9.55,24.01,Same As National Rate,-,0.94,-,388,170,Low CMS star rating; Timely care performance gap; Quality performance concern
CA,059001,GREATER HOME HEALTH CARE INCORPORATED,2400 W CARSON ST SUITE 235,TORRANCE,90501,3107871731,PROPRIETARY,Yes,Yes,Yes,Yes,Yes,Yes,09/10/2008,1.5,-,52,61,85.25,-,40,48,83.33,-,12,35,54.99,-,12,37,44.86,-,13,37,51.17,-,10,32,44.66,-,9,37,53.04,-,0,44,0.00,-,53,61,86.89,-,1,61,1.64,-,7,40,17.50,-,45,54,83.33,-,-,-,-,The number of patient episodes for this measure is too small to report.,54,74,72.97,81.33,70.52,89.71,Same As National Rate,-,-,17,-,-,-,-,Not Available,The number of patient episodes for this measure is too small to report.,2,26,7.69,10.01,5.46,16.73,Same As National Rate,-,0.98,-,202,170,Low CMS star rating; Timely care performance gap; Quality performance concern
CA,059113,TOTAL CARE HOME HEALTH SERVICES,4201 LONG BEACH BLVD SUITE 308,LONG BEACH,90802,5622850432,PROPRIETARY,Yes,Yes,Yes,Yes,Yes,Yes,06/05/2009,2,-,48,64,75.00,-,51,56,91.07,-,31,52,71.99,-,28,52,63.12,-,37,52,75.22,-,43,51,87.60,-,36,52,73.05,-,0,54,0.00,-,5,64,7.81,-,0,64,0.00,-,0,52,0.00,-,6,55,10.91,-,-,-,-,The number of patient episodes for this measure is too small to report.,76,91,83.52,81.79,72.19,87.53,Same As National Rate,-,-,5,-,-,-,-,Not Available,The number of patient episodes for this measure is too small to report.,4,31,12.90,12.22,7.85,22.50,Same As National Rate,-,0.82,-,296,170,Low CMS star rating; Timely care performance gap; Quality performance concern
CA,059223,"BENEFICIAL HOME HEALTH SERVICES, INC",1901 E LAMBERT RD SUITE 203S,LA HABRA,90631,7142560756,PROPRIETARY,Yes,Yes,Yes,Yes,Yes,Yes,05/18/2010,1,-,70,89,78.65,-,44,56,78.57,-,13,55,50.09,-,10,51,47.49,-,14,56,42.71,-,15,37,55.82,-,6,39,33.71,-,1,59,1.73,-,64,89,71.91,-,0,89,0.00,-,19,58,32.76,-,16,35,45.71,-,42,53,79.25,-,75,99,75.76,80.38,69.86,86.96,Same As National Rate,-,3,34,8.82,4.33,3.09,5.80,Same As National Rate,-,8,53,15.09,12.82,7.50,19.70,Same As National Rate,-,0.82,-,157,170,Low CMS star rating; Timely care performance gap; Quality performance concern
CA,059241,"PRIVILEGE HOME SERVICES, INC",11395 183RD STREET,CERRITOS,90703,5624680888,PROPRIETARY,Yes,Yes,Yes,Yes,Yes,Yes,05/29/2010,2,-,24,28,85.71,-,4,20,20.00,-,19,23,85.48,-,15,23,65.93,-,20,23,90.66,-,-,-,-,The number of patient episodes for this measure is too small to report.,8,20,56.92,-,0,23,0.00,-,9,29,31.03,-,0,29,0.00,-,8,23,34.78,-,-,-,-,The number of patient episodes for this measure is too small to report.,7,21,33.33,-,17,39,43.59,49.40,33.66,63.78,Worse Than National Rate,-,-,16,-,-,-,-,Not Available,The number of patient episodes for this measure is too small to report.,-,10,-,-,-,-,Not Available,The number of patient episodes for this measure is too small to report.,1.01,-,82,170,Low CMS star rating; Timely care performance gap; Quality performance concern
CA,059301,DEPENDABLE NURSING LLC,"5055 AVENIDA ENCINAS, SUITE 120",CARLSBAD,92008,7606020583,PROPRIETARY,Yes,Yes,Yes,Yes,Yes,Yes,04/11/2011,2,-,44,50,88.00,-,20,28,71.43,-,28,40,72.99,-,35,39,90.68,-,25,39,71.33,-,29,39,74.75,-,24,39,68.27,-,0,43,0.00,-,41,50,82.00,-,0,49,0.00,-,28,39,71.79,-,-,-,-,The number of patient episodes for this measure is too small to report.,36,37,97.30,-,28,53,52.83,56.52,40.93,68.32,Worse Than National Rate,-,-,2,-,-,-,-,Not Available,The number of patient episodes for this measure is too small to report.,-,19,-,-,-,-,Not Available,The number of patient episodes for this measure is too small to report.,0.72,-,54,170,Low CMS star rating; Timely care performance gap; Quality performance concern
CA,059302,HOME HEALTH ALLIANCE,"1 NORTH MAIN STREET, SUITE 1",MILPITAS,95035,4082637102,PROPRIETARY,Yes,Yes,Yes,Yes,Yes,Yes,03/14/2011,2,-,70,84,83.33,-,45,57,78.95,-,32,55,76.33,-,30,51,78.96,-,28,56,68.08,-,-,-,-,The number of patient episodes for this measure is too small to report.,12,40,59.54,-,0,62,0.00,-,75,84,89.29,-,1,83,1.20,-,45,61,73.77,-,31,40,77.50,-,42,44,95.45,-,38,85,44.71,48.76,38.54,59.29,Worse Than National Rate,-,-,6,-,-,-,-,Not Available,The number of patient episodes for this measure is too small to report.,5,39,12.82,13.38,7.38,23.74,Same As National Rate,-,1.08,-,157,170,Low CMS star rating; Timely care performance gap; Quality performance concern
CA,059478,ALL IN ONE HOME HEALTH AGENCY INC,"1255 E HIGHLAND AVENUE, SUITE 216",SAN BERNARDINO,92404,9098888224,PROPRIETARY,Yes,Yes,Yes,Yes,Yes,Yes,03/21/2013,2,-,53,71,74.65,-,17,54,31.48,-,23,38,70.50,-,26,37,79.82,-,26,37,80.14,-,18,31,68.27,-,23,34,79.99,-,0,39,0.00,-,38,71,53.52,-,0,71,0.00,-,21,39,53.85,-,18,37,48.65,-,26,33,78.79,-,52,82,63.41,69.51,58.45,78.99,Same As National Rate,-,1,24,4.17,4.09,2.93,5.28,Same As National Rate,-,6,46,13.04,11.84,7.39,20.39,Same As National Rate,-,0.87,-,239,170,Low CMS star rating; Timely care performance gap; Quality performance concern
CA,059629,"DESTINY HOME HEALTH SERVICES, INC",3015 ARTESIA BLVD,TORRANCE,90504,3106722555,PROPRIETARY,Yes,Yes,Yes,Yes,Yes,Yes,06/16/2014,1.5,-,60,68,88.24,-,38,56,67.86,-,12,40,55.04,-,12,38,54.01,-,14,41,58.41,-,1,41,11.15,-,1,33,24.74,-,0,44,0.00,-,55,68,80.88,-,1,68,1.47,-,31,37,83.78,-,6,28,21.43,-,15,39,38.46,-,56,86,65.12,65.51,54.72,73.93,Worse Than National Rate,-,-,7,-,-,-,-,Not Available,The number of patient episodes for this measure is too small to report.,2,25,8.00,11.27,5.70,20.54,Same As National Rate,-,0.90,-,465,170,Low CMS star rating; Timely care performance gap; Quality performance concern
CA,553152,CAPITAL HOME HEALTH CARE,1117 NORTH HOLLYWOOD WAY,BURBANK,91505,8885309717,PROPRIETARY,Yes,Yes,Yes,Yes,Yes,Yes,11/27/2018,1.5,-,66,76,86.84,-,40,60,66.67,-,38,61,69.75,-,29,61,60.04,-,31,61,51.66,-,17,60,30.63,-,15,61,41.85,-,0,64,0.00,-,56,76,73.68,-,1,76,1.32,-,4,61,6.56,-,40,41,97.56,-,31,33,93.94,-,84,98,85.71,86.01,79.28,90.59,Better Than National Rate,-,0,20,0.00,3.97,2.79,5.66,Same As National Rate,-,3,56,5.36,9.28,5.42,15.43,Same As National Rate,-,0.83,-,304,170,Low CMS star rating; Timely care performance gap; Quality performance concern
CA,553164,"ALL LINKED HOME HEALTH, INC","6819 SEPULVEDA BLVD, SUITE 211",VAN NUYS,91405,8187861209,PROPRIETARY,Yes,Yes,Yes,Yes,Yes,Yes,12/13/2018,1,-,18,41,43.90,-,17,26,65.38,-,9,24,57.12,-,10,24,72.13,-,9,24,53.32,-,-,-,-,The number of patient episodes for this measure is too small to report.,6,24,53.10,-,1,25,3.87,-,20,42,47.62,-,1,42,2.38,-,12,25,48.00,-,-,-,-,The number of patient episodes for this measure is too small to report.,16,24,66.67,-,-,17,-,-,-,-,Not Available,The number of patient episodes for this measure is too small to report.,-,6,-,-,-,-,Not Available,The number of patient episodes for this measure is too small to report.,-,13,-,-,-,-,Not Available,The number of patient episodes for this measure is too small to report.,1.36,-,59,170,Low CMS star rating; Timely care performance gap; Quality performance concern
CA,553173,"SIMI PLAZA HOME CARE, INC",1716 ERRINGER RD SUITE 102,SIMI VALLEY,93065,8189199191,PROPRIETARY,Yes,Yes,Yes,Yes,Yes,Yes,12/23/2018,1.5,-,24,29,82.76,-,8,22,36.36,-,8,20,70.17,-,9,20,66.04,-,10,20,70.10,-,-,-,-,The number of patient episodes for this measure is too small to report.,5,21,64.98,-,0,25,0.00,-,4,29,13.79,-,0,29,0.00,-,10,23,43.48,-,-,-,-,The number of patient episodes for this measure is too small to report.,-,-,-,The number of patient episodes for this measure is too small to report.,18,20,90.00,86.57,70.97,94.25,Same As National Rate,-,-,2,-,-,-,-,Not Available,The number of patient episodes for this measure is too small to report.,-,18,-,-,-,-,Not Available,The number of patient episodes for this measure is too small to report.,0.66,-,60,170,Low CMS star rating; Timely care performance gap; Quality performance concern
CA,553184,GOLDEN STAR HOME HEALTH CARE,"440 WEST COLORADO STREET, SUITE 205",GLENDALE,91204,8189675500,PROPRIETARY,Yes,Yes,Yes,Yes,Yes,Yes,02/20/2019,2.5,-,62,86,72.09,-,35,64,54.69,-,70,78,93.68,-,54,78,78.45,-,57,78,73.83,-,57,78,73.93,-,37,78,64.41,-,0,78,0.00,-,72,87,82.76,-,0,87,0.00,-,18,78,23.08,-,27,29,93.10,-,56,58,96.55,-,62,73,84.93,87.90,78.39,94.04,Better Than National Rate,-,-,5,-,-,-,-,Not Available,The number of patient episodes for this measure is too small to report.,2,53,3.77,8.42,4.42,13.76,Same As National Rate,-,1.13,-,210,170,Low CMS star rating; Timely care performance gap; Quality performance concern
CA,557145,AFFILIATED HOME HEALTH SERVICES INC,240 S JACKSON ST SUITE 210,GLENDALE,91205,8185397768,PROPRIETARY,No,Yes,Yes,Yes,Yes,No,10/22/1991,2.5,-,34,47,72.34,-,14,20,70.00,-,27,42,79.44,-,23,43,69.81,-,28,43,73.12,-,25,28,98.88,-,18,31,73.66,-,0,43,0.00,-,32,48,66.67,-,1,48,2.08,-,31,43,72.09,-,-,-,-,The number of patient episodes for this measure is too small to report.,25,40,62.50,-,152,187,81.28,80.05,74.26,83.79,Same As National Rate,-,2,83,2.41,4.19,2.81,6.03,Same As National Rate,-,5,64,7.81,11.68,7.37,20.63,Same As National Rate,-,0.97,-,266,170,Low CMS star rating; Timely care performance gap; Quality performance concern
CA,557566,"MLH HEALTHCARE, INC",2555 E COLORADO BLVD. SUITE 203,PASADENA,91107,6264571874,PROPRIETARY,Yes,Yes,Yes,Yes,Yes,Yes,07/18/1995,2,-,49,58,84.48,-,34,42,80.95,-,21,41,54.37,-,25,41,75.27,-,35,41,87.83,-,38,41,92.31,-,26,41,71.17,-,0,41,0.00,-,0,58,0.00,-,0,58,0.00,-,3,41,7.32,-,3,20,15.00,-,37,38,97.37,-,149,169,88.17,90.25,84.24,93.86,Better Than National Rate,-,0,24,0.00,4.06,2.70,6.05,Same As National Rate,-,9,83,10.84,13.62,8.67,21.96,Same As National Rate,-,0.95,-,528,170,Low CMS star rating; Timely care performance gap; Quality performance concern
CA,557581,PARAMOUNT HOME HEALTH SERVICES,9420 TOPANGA CANYON BLVD SUITE 202,CHATSWORTH,91311,2139890888,PROPRIETARY,Yes,Yes,Yes,Yes,Yes,Yes,08/24/1995,2,-,38,79,48.10,-,43,54,79.63,-,24,46,77.17,-,14,43,62.21,-,26,46,73.60,-,-,-,-,The number of patient episodes for this measure is too small to report.,13,35,63.14,-,0,49,0.00,-,65,79,82.28,-,3,71,4.23,-,26,46,56.52,-,28,50,56.00,-,27,29,93.10,-,65,90,72.22,77.58,68.38,86.12,Same As National Rate,-,1,20,5.00,4.12,2.75,5.89,Same As National Rate,-,5,45,11.11,10.95,5.99,18.17,Same As National Rate,-,1.04,-,242,170,Low CMS star rating; Timely care performance gap; Quality performance concern
CA,559125,"BELANI HOME HEALTH CARE, INC","2609 WEST WYOMING AVE, SUITE B",BURBANK,91505,8188357986,PROPRIETARY,Yes,Yes,Yes,Yes,Yes,Yes,11/13/2019,2,-,52,70,74.29,-,6,55,10.91,-,11,54,40.68,-,11,54,48.47,-,22,53,51.30,-,28,53,58.97,-,49,54,98.58,-,0,55,0.00,-,22,70,31.43,-,0,70,0.00,-,22,54,40.74,-,-,-,-,The number of patient episodes for this measure is too small to report.,52,54,96.30,-,65,68,95.59,90.05,83.11,93.74,Better Than National Rate,-,-,3,-,-,-,-,Not Available,The number of patient episodes for this measure is too small to report.,0,29,0.00,8.64,4.01,16.71,Same As National Rate,-,0.84,-,217,170,Low CMS star rating; Timely care performance gap; Quality performance concern
CA,559127,"PROMED HEALTH PROVIDERS, INC","1614 VICTORY BLVD, SUITE 104",GLENDALE,91201,8183928080,PROPRIETARY,Yes,Yes,Yes,Yes,Yes,Yes,12/20/2019,2,-,64,80,80.00,-,6,53,11.32,-,31,55,75.76,-,35,55,68.01,-,39,55,78.09,-,28,47,65.75,-,27,49,76.26,-,0,55,0.00,-,30,81,37.04,-,0,81,0.00,-,15,55,27.27,-,2,44,4.55,-,26,36,72.22,-,100,134,74.63,79.36,69.30,86.60,Same As National Rate,-,2,24,8.33,4.21,2.84,6.06,Same As National Rate,-,10,99,10.10,11.26,7.26,17.77,Same As National Rate,-,0.97,-,266,170,Low CMS star rating; Timely care performance gap; Quality performance concern
CA,559182,ACEPTIO HOME HEALTH CARE,"9198 GREENBACK LANE, SUITE 102",ORANGEVALE,95662,9169695869,PROPRIETARY,Yes,Yes,Yes,Yes,Yes,Yes,04/13/2020,1.5,-,62,79,78.48,-,8,50,16.00,-,22,46,60.40,-,23,40,71.68,-,26,46,68.98,-,-,-,-,The number of patient episodes for this measure is too small to report.,19,41,59.78,-,0,50,0.00,-,46,84,54.76,-,1,84,1.19,-,34,50,68.00,-,15,45,33.33,-,26,39,66.67,-,56,76,73.68,78.88,68.56,86.41,Same As National Rate,-,4,34,11.76,4.49,3.12,6.36,Same As National Rate,-,7,41,17.07,14.56,8.73,25.98,Same As National Rate,-,0.97,-,71,170,Low CMS star rating; Timely care performance gap; Quality performance concern
CA,559218,"REGENCY HOME HEALTH CARE, INC",60 ALTA ST SUITE 202,ARCADIA,91006,7474771787,PROPRIETARY,Yes,Yes,Yes,Yes,Yes,Yes,03/27/2020,2,-,35,45,77.78,-,2,32,6.25,-,24,36,73.91,-,22,36,68.48,-,24,36,69.00,-,24,27,94.08,-,12,36,47.42,-,0,36,0.00,-,26,46,56.52,-,0,46,0.00,-,15,36,41.67,-,-,-,-,The number of patient episodes for this measure is too small to report.,28,28,100.00,-,69,78,88.46,87.26,79.56,91.87,Better Than National Rate,-,-,-,-,-,-,-,-,This measure currently does not have data or provider has been certified/recertified for less than 6 months.,3,48,6.25,10.46,5.84,19.10,Same As National Rate,-,0.89,-,115,170,Low CMS star rating; Timely care performance gap; Quality performance concern
CA,559347,MAGNA VITAE,7200 VINELAND AVENUE SUITE 214,SUN VALLEY,91352,8185222975,PROPRIETARY,Yes,Yes,Yes,Yes,Yes,Yes,12/15/2020,1,-,17,24,70.83,-,1,21,4.76,-,6,21,35.42,-,8,21,44.53,-,6,21,35.47,-,8,20,43.05,-,11,21,60.68,-,0,22,0.00,-,17,24,70.83,-,0,24,0.00,-,4,21,19.05,-,-,-,-,The number of patient episodes for this measure is too small to report.,-,-,-,The number of patient episodes for this measure is too small to report.,-,3,-,-,-,-,Not Available,The number of patient episodes for this measure is too small to report.,-,-,-,-,-,-,-,This measure currently does not have data or provider has been certified/recertified for less than 6 months.,-,4,-,-,-,-,Not Available,The number of patient episodes for this measure is too small to report.,0.74,-,32,170,Low CMS star rating; Timely care performance gap; Quality performance concern
CA,559411,"ALL SUPPORT AT HOME, LLC","1038 LEIGH AVE, SUITE 216",SAN JOSE,95126,4089711997,PROPRIETARY,Yes,Yes,Yes,Yes,Yes,Yes,02/04/2021,2.5,-,55,62,88.71,-,30,37,81.08,-,39,55,74.49,-,34,55,83.72,-,44,55,82.98,-,27,36,81.23,-,28,40,80.78,-,0,57,0.00,-,51,62,82.26,-,0,62,0.00,-,38,55,69.09,-,-,-,-,The number of patient episodes for this measure is too small to report.,28,46,60.87,-,58,72,80.56,83.04,72.75,89.75,Same As National Rate,-,-,12,-,-,-,-,Not Available,The number of patient episodes for this measure is too small to report.,4,55,7.27,10.59,6.30,17.20,Same As National Rate,-,0.88,-,92,170,Low CMS star rating; Timely care performance gap; Quality performance concern
CA,559430,"YOUR HOMECARE SERVICE, INC",1575 N LAKE AVE SUITE 203,PASADENA,91104,7472253729,PROPRIETARY,Yes,Yes,Yes,Yes,Yes,Yes,12/10/2020,2,-,35,40,87.50,-,11,35,31.43,-,27,36,75.69,-,9,36,49.02,-,23,36,61.86,-,27,34,83.80,-,17,36,50.01,-,0,36,0.00,-,22,40,55.00,-,0,40,0.00,-,12,36,33.33,-,-,-,-,The number of patient episodes for this measure is too small to report.,36,36,100.00,-,23,23,100.00,88.28,78.06,92.16,Better Than National Rate,-,-,2,-,-,-,-,Not Available,The number of patient episodes for this measure is too small to report.,0,24,0.00,9.16,4.36,18.58,Same As National Rate,-,0.91,-,66,170,Low CMS star rating; Timely care performance gap; Quality performance concern
CA,559472,AMERICA'S BEST CARE,"8937 DE SOTO AVE, UNIT 200",CANOGA PARK,91304,8185271627,PROPRIETARY,Yes,Yes,Yes,Yes,Yes,Yes,02/24/2021,2.5,-,67,75,89.33,-,13,53,24.53,-,61,65,96.45,-,43,65,71.82,-,58,65,89.48,-,35,65,54.63,-,23,65,53.23,-,0,65,0.00,-,59,75,78.67,-,0,75,0.00,-,30,65,46.15,-,-,-,-,The number of patient episodes for this measure is too small to report.,61,63,96.83,-,76,86,88.37,96.12,87.36,101.09,Better Than National Rate,-,0,25,0.00,3.93,2.58,5.50,Same As National Rate,-,4,45,8.89,9.25,5.55,14.88,Same As National Rate,-,0.94,-,188,170,Low CMS star rating; Timely care performance gap; Quality performance concern
CA,559494,MAYERLING HOME HEALTH LLC,1100 E BROADWAY SUITE 308,GLENDALE,91205,8186590841,PROPRIETARY,Yes,Yes,Yes,Yes,Yes,Yes,01/01/2021,2,-,44,57,77.19,-,28,44,63.64,-,38,52,74.90,-,37,52,77.28,-,35,52,65.94,-,36,52,70.46,-,26,52,63.03,-,0,53,0.00,-,39,58,67.24,-,0,58,0.00,-,28,52,53.85,-,-,-,-,The number of patient episodes for this measure is too small to report.,40,52,76.92,-,53,60,88.33,86.42,77.55,91.79,Same As National Rate,-,-,1,-,-,-,-,Not Available,The number of patient episodes for this measure is too small to report.,0,26,0.00,8.71,4.01,19.64,Same As National Rate,-,0.71,-,271,170,Low CMS star rating; Timely care performance gap; Quality performance concern
CA,559513,"ASCLEPIUS HOME HEALTH CARE, INC",28100 BOUQUET CANYON RD SUITE 209,SANTA CLARITA,91350,8185584070,PROPRIETARY,Yes,Yes,Yes,Yes,Yes,Yes,10/01/2020,1,-,42,53,79.25,-,4,34,11.76,-,4,25,35.07,-,3,25,22.85,-,6,26,36.97,-,-,-,-,The number of patient episodes for this measure is too small to report.,6,23,50.17,-,0,26,0.00,-,14,53,26.42,-,0,53,0.00,-,12,26,46.15,-,4,29,13.79,-,0,22,0.00,-,-,9,-,-,-,-,Not Available,The number of patient episodes for this measure is too small to report.,-,4,-,-,-,-,Not Available,The number of patient episodes for this measure is too small to report.,-,9,-,-,-,-,Not Available,The number of patient episodes for this measure is too small to report.,0.75,-,23,170,Low CMS star rating; Timely care performance gap; Quality performance concern
CA,559531,"ASCEND HOME HEALTHCARE CARE, INC","14435 HAMLIN ST, SUITE B-1",VAN NUYS,91401,8187328586,PROPRIETARY,Yes,Yes,Yes,Yes,Yes,Yes,02/23/2021,2.5,-,61,68,89.71,-,42,59,71.19,-,24,56,65.11,-,9,56,51.01,-,53,56,91.11,-,51,56,90.23,-,44,56,86.93,-,0,56,0.00,-,27,68,39.71,-,0,68,0.00,-,8,56,14.29,-,-,-,-,The number of patient episodes for this measure is too small to report.,48,54,88.89,-,85,91,93.41,90.05,84.84,94.08,Better Than National Rate,-,-,6,-,-,-,-,Not Available,The number of patient episodes for this measure is too small to report.,2,41,4.88,9.83,5.17,17.63,Same As National Rate,-,0.92,-,224,170,Low CMS star rating; Timely care performance gap; Quality performance concern
CA,559637,"CHERUB HOME HEALTH, INC",16200 VENTURA BLVD SUITE 424,ENCINO,91436,8184735448,-,-,-,-,-,-,-,10/08/2021,1.5,-,32,37,86.49,-,1,27,3.70,-,10,34,38.86,-,8,34,30.71,-,11,34,39.69,-,11,30,44.28,-,6,26,46.14,-,0,37,0.00,-,25,41,60.98,-,0,41,0.00,-,15,36,41.67,-,22,23,95.65,-,-,-,-,The number of patient episodes for this measure is too small to report.,32,43,74.42,88.10,76.26,98.61,Same As National Rate,-,-,13,-,-,-,-,Not Available,The number of patient episodes for this measure is too small to report.,3,39,7.69,9.32,5.95,15.74,Same As National Rate,-,1.16,-,96,170,Low CMS star rating; Timely care performance gap; Quality performance concern
CA,559668,FIRST RELIABLE,16501 SHERMAN WAY SUITE 105,VAN NUYS,91406,8188496357,-,-,-,-,-,-,-,11/18/2021,2.5,-,39,45,86.67,-,19,32,59.38,-,20,26,88.24,-,16,26,76.48,-,22,26,91.84,-,18,26,75.01,-,13,26,75.98,-,0,26,0.00,-,36,45,80.00,-,0,45,0.00,-,14,26,53.85,-,36,36,100.00,-,-,-,-,The number of patient episodes for this measure is too small to report.,57,66,86.36,89.23,79.85,95.32,Better Than National Rate,-,3,28,10.71,4.38,2.91,6.05,Same As National Rate,-,5,28,17.86,13.35,8.00,22.63,Same As National Rate,-,0.93,-,202,170,Low CMS star rating; Timely care performance gap; Quality performance concern
CA,559687,DIGNITONIC HOME CARE LLC,2600 W OLIVE AVE SUITE 535,BURBANK,91505,8185338080,-,-,-,-,-,-,-,12/01/2021,1.5,-,36,46,78.26,-,0,33,0.00,-,14,33,58.15,-,9,33,40.01,-,13,33,44.32,-,-,-,-,The number of patient episodes for this measure is too small to report.,11,33,58.73,-,1,33,2.93,-,34,46,73.91,-,0,46,0.00,-,4,33,12.12,-,18,26,69.23,-,-,-,-,The number of patient episodes for this measure is too small to report.,66,111,59.46,64.76,53.64,72.79,Worse Than National Rate,-,2,24,8.33,4.25,2.86,5.81,Same As National Rate,-,7,62,11.29,11.55,7.04,16.93,Same As National Rate,-,0.89,-,281,170,Low CMS star rating; Timely care performance gap; Quality performance concern
CA,559698,"PERMANENT HOME HEALTH, INC.","1100 E BROADWAY, SUITE 204",GLENDALE,91205,8183307970,-,-,-,-,-,-,-,01/05/2022,1.5,-,54,69,78.26,-,48,69,69.57,-,51,64,82.43,-,42,64,66.98,-,55,64,83.56,-,42,63,65.97,-,20,64,35.37,-,0,64,0.00,-,53,70,75.71,-,0,70,0.00,-,29,64,45.31,-,-,-,-,The number of patient episodes for this measure is too small to report.,64,64,100.00,-,15,20,75.00,73.17,54.94,84.13,Same As National Rate,-,-,-,-,-,-,-,-,This measure currently does not have data or provider has been certified/recertified for less than 6 months.,-,9,-,-,-,-,Not Available,The number of patient episodes for this measure is too small to report.,1.41,-,25,170,Low CMS star rating; Timely care performance gap; Quality performance concern
CA,753142,AFFINITY HOME HEALTH RESOURCES,5236 COLODNY DR SUITE 205,AGOURA HILLS,91301,7472017607,-,-,-,-,-,-,-,06/28/2022,2,-,57,75,76.00,-,24,55,43.64,-,16,45,54.12,-,23,45,62.02,-,29,45,79.22,-,17,30,64.30,-,26,45,87.85,-,0,47,0.00,-,50,75,66.67,-,1,75,1.33,-,11,45,24.44,-,47,49,95.92,-,24,26,92.31,-,29,47,61.70,67.70,54.31,79.65,Same As National Rate,-,-,7,-,-,-,-,Not Available,The number of patient episodes for this measure is too small to report.,5,44,11.36,11.25,6.39,18.28,Same As National Rate,-,1.03,-,139,170,Low CMS star rating; Timely care performance gap; Quality performance concern
CA,757008,RAINBOW HOME HEALTH CARE,225 E BROADWAY STE. B105A,GLENDALE,91205,8185367385,PROPRIETARY,Yes,Yes,Yes,Yes,Yes,Yes,03/22/2022,2.5,-,41,46,89.13,-,17,36,47.22,-,30,34,86.99,-,28,34,78.03,-,30,34,86.77,-,22,31,76.79,-,16,32,59.14,-,0,34,0.00,-,32,46,69.57,-,0,46,0.00,-,12,34,35.29,-,-,-,-,The number of patient episodes for this measure is too small to report.,27,32,84.38,-,11,20,55.00,60.51,43.84,77.34,Worse Than National Rate,-,-,1,-,-,-,-,Not Available,The number of patient episodes for this measure is too small to report.,0,20,0.00,8.88,4.70,17.32,Same As National Rate,-,0.73,-,66,170,Low CMS star rating; Timely care performance gap; Quality performance concern
CA,757066,"COMMONWEALTH HOME HEALTH CARE, INC",22025 VENTURA BLVD,WOODLAND HILLS,91364,-,PROPRIETARY,Yes,Yes,Yes,Yes,Yes,Yes,06/24/2022,2,-,53,59,89.83,-,1,40,2.50,-,12,51,47.81,-,3,51,35.65,-,26,51,49.41,-,38,49,83.92,-,20,50,47.08,-,0,51,0.00,-,45,59,76.27,-,3,59,5.08,-,12,51,23.53,-,-,-,-,The number of patient episodes for this measure is too small to report.,48,51,94.12,-,35,39,89.74,89.10,75.34,96.40,Same As National Rate,-,-,-,-,-,-,-,-,This measure currently does not have data or provider has been certified/recertified for less than 6 months.,0,28,0.00,8.03,4.14,14.77,Same As National Rate,-,0.96,-,119,170,Low CMS star rating; Timely care performance gap; Quality performance concern
CA,757081,"INTEGRAL HOME HEALTH CARE, INC",14547 TITUS ST.,PANORAMA CITY,91402,-,PROPRIETARY,Yes,Yes,Yes,Yes,Yes,Yes,05/09/2022,1.5,-,33,57,57.89,-,30,39,76.92,-,28,38,76.59,-,12,38,43.71,-,28,38,70.00,-,8,38,24.27,-,14,38,42.81,-,0,39,0.00,-,41,57,71.93,-,2,57,3.51,-,1,38,2.63,-,-,-,-,The number of patient episodes for this measure is too small to report.,35,37,94.59,-,24,36,66.67,78.39,60.94,91.31,Same As National Rate,-,-,5,-,-,-,-,Not Available,The number of patient episodes for this measure is too small to report.,9,26,34.62,15.52,9.31,23.00,Same As National Rate,-,1.37,-,137,170,Low CMS star rating; Timely care performance gap; Quality performance concern
CA,757145,NEWSTART HOME HEALTH INC,6262 GLADE AVE UNIT 26,WOODLAND HILLS,91367,7472874978,-,-,-,-,-,-,-,08/11/2022,1,-,32,38,84.21,-,8,30,26.67,-,9,25,43.29,-,8,25,41.94,-,13,25,59.47,-,-,-,-,The number of patient episodes for this measure is too small to report.,6,24,38.64,-,0,26,0.00,-,32,38,84.21,-,0,38,0.00,-,8,25,32.00,-,-,-,-,The number of patient episodes for this measure is too small to report.,18,20,90.00,-,-,6,-,-,-,-,Not Available,The number of patient episodes for this measure is too small to report.,-,-,-,-,-,-,-,This measure currently does not have data or provider has been certified/recertified for less than 6 months.,-,8,-,-,-,-,Not Available,The number of patient episodes for this measure is too small to report.,1.40,-,31,170,Low CMS star rating; Timely care performance gap; Quality performance concern
CA,757166,COLORADO RIVER HOME HEALTH,9003 RESEDA BLVD. SUITE 208,NORTHRIDGE,91324,9092788343,-,-,-,-,-,-,-,06/10/2022,1,-,20,31,64.52,-,11,26,42.31,-,15,27,69.59,-,10,27,56.84,-,18,27,67.57,-,9,26,42.10,-,8,27,42.94,-,0,27,0.00,-,14,31,45.16,-,0,31,0.00,-,11,27,40.74,-,-,-,-,The number of patient episodes for this measure is too small to report.,24,25,96.00,-,-,1,-,-,-,-,Not Available,The number of patient episodes for this measure is too small to report.,-,-,-,-,-,-,-,This measure currently does not have data or provider has been certified/recertified for less than 6 months.,-,2,-,-,-,-,Not Available,The number of patient episodes for this measure is too small to report.,-,The number of patient episodes for this measure is too small to report.,2,170,Low CMS star rating; Timely care performance gap; Quality performance concern
CA,757224,"LOYAL HANDS HOME HEALTH CARE, INC.",825 COLORADO BLVD,LOS ANGELES,90041,-,-,-,-,-,-,-,-,02/28/2023,1.5,-,69,84,82.14,-,24,52,46.15,-,24,41,74.09,-,28,41,71.61,-,31,41,78.44,-,17,38,49.14,-,13,38,48.51,-,0,41,0.00,-,65,84,77.38,-,2,84,2.38,-,3,41,7.32,-,42,78,53.85,-,-,-,-,The number of patient episodes for this measure is too small to report.,31,42,73.81,79.08,64.14,88.69,Same As National Rate,-,-,4,-,-,-,-,Not Available,The number of patient episodes for this measure is too small to report.,2,36,5.56,9.38,4.99,15.68,Same As National Rate,-,1.14,-,161,170,Low CMS star rating; Timely care performance gap; Quality performance concern
CA,757252,NU CARE HOME HEALTH,10134 6TH STREET,RANCHO CUCAMONGA,91730,9097554000,-,-,-,-,-,-,-,03/17/2023,1.5,-,60,67,89.55,-,36,41,87.80,-,19,51,50.79,-,13,48,51.31,-,28,51,68.05,-,16,31,65.63,-,15,45,55.66,-,0,51,0.00,-,49,67,73.13,-,0,67,0.00,-,16,51,31.37,-,38,41,92.68,-,26,26,100.00,-,-,19,-,-,-,-,Not Available,The number of patient episodes for this measure is too small to report.,-,3,-,-,-,-,Not Available,The number of patient episodes for this measure is too small to report.,5,24,20.83,12.88,7.62,21.58,Same As National Rate,-,1.00,-,47,170,Low CMS star rating; Timely care performance gap; Quality performance concern
CA,757301,"SWIFT HOME HEALTH, INC.",7120 HAYVENHURST AVE SUITE 214,VAN NUYS,91406,-,-,-,-,-,-,-,-,06/09/2023,1.5,-,50,57,87.72,-,16,40,40.00,-,11,38,49.56,-,24,38,65.01,-,25,38,74.76,-,22,38,69.88,-,15,36,53.26,-,0,38,0.00,-,29,57,50.88,-,0,57,0.00,-,4,38,10.53,-,16,20,80.00,-,12,37,32.43,-,-,3,-,-,-,-,Not Available,The number of patient episodes for this measure is too small to report.,-,-,-,-,-,-,-,This measure currently does not have data or provider has been certified/recertified for less than 6 months.,-,3,-,-,-,-,Not Available,The number of patient episodes for this measure is too small to report.,-,The number of patient episodes for this measure is too small to report.,8,170,Low CMS star rating; Timely care performance gap; Quality performance concern
CA,757325,"THE HOME HEALTH AGENCY, INC.",4730 WOODMAN AVE SUITE 303,SHERMAN OAKS,91423,8182353333,-,-,-,-,-,-,-,06/29/2023,2.5,-,34,39,87.18,-,1,36,2.78,-,27,33,86.80,-,25,33,75.48,-,32,33,95.59,-,18,33,57.75,-,17,32,62.35,-,0,33,0.00,-,31,39,79.49,-,0,39,0.00,-,7,33,21.21,-,11,25,44.00,-,-,-,-,The number of patient episodes for this measure is too small to report.,-,9,-,-,-,-,Not Available,The number of patient episodes for this measure is too small to report.,-,1,-,-,-,-,Not Available,The number of patient episodes for this measure is too small to report.,-,10,-,-,-,-,Not Available,The number of patient episodes for this measure is too small to report.,0.94,-,31,170,Low CMS star rating; Timely care performance gap; Quality performance concern
CA,757333,"LUZ HOME HEALTH CARE, INC",2701 E GAGE AVE UNIT 203,HUNTINGTON PARK,90255,3235539104,-,-,-,-,-,-,-,02/21/2023,1,-,65,73,89.04,-,36,46,78.26,-,3,31,45.43,-,2,30,41.47,-,4,31,30.58,-,9,23,65.87,-,3,30,47.38,-,0,31,0.00,-,4,75,5.33,-,2,75,2.67,-,15,31,48.39,-,40,44,90.91,-,24,29,82.76,-,-,6,-,-,-,-,Not Available,The number of patient episodes for this measure is too small to report.,-,1,-,-,-,-,Not Available,The number of patient episodes for this measure is too small to report.,-,8,-,-,-,-,Not Available,The number of patient episodes for this measure is too small to report.,-,The number of patient episodes for this measure is too small to report.,14,170,Low CMS star rating; Timely care performance gap; Quality performance concern
CA,757402,ELITE COMFORT HOME HEALTH CARE,21405 DEVONSHIRE ST SUITE 221,CHATSWORTH,91311,7474441303,-,-,-,-,-,-,-,09/08/2023,1,-,22,36,61.11,-,3,30,10.00,-,9,34,40.06,-,5,34,35.49,-,9,35,27.04,-,0,35,0.00,-,0,35,0.00,-,0,36,0.00,-,28,36,77.78,-,0,36,0.00,-,1,35,2.86,-,-,-,-,The number of patient episodes for this measure is too small to report.,35,35,100.00,-,-,9,-,-,-,-,Not Available,The number of patient episodes for this measure is too small to report.,-,-,-,-,-,-,-,This measure currently does not have data or provider has been certified/recertified for less than 6 months.,-,11,-,-,-,-,Not Available,The number of patient episodes for this measure is too small to report.,0.97,-,26,170,Low CMS star rating; Timely care performance gap; Quality performance concern
CA,757417,"MELA HOME HEALTH, CORP",539 N GLENOAKS BLVD. UNIT 301-A,BURBANK,91502,7478779077,-,-,-,-,-,-,-,08/23/2023,2.5,-,51,85,60.00,-,30,71,42.25,-,70,76,100.00,-,53,76,87.38,-,70,76,91.99,-,47,76,68.66,-,37,76,62.03,-,0,76,0.00,-,59,85,69.41,-,0,82,0.00,-,22,76,28.95,-,-,-,-,The number of patient episodes for this measure is too small to report.,71,74,95.95,-,-,19,-,-,-,-,Not Available,The number of patient episodes for this measure is too small to report.,-,-,-,-,-,-,-,This measure currently does not have data or provider has been certified/recertified for less than 6 months.,-,18,-,-,-,-,Not Available,The number of patient episodes for this measure is too small to report.,0.90,-,45,170,Low CMS star rating; Timely care performance gap; Quality performance concern
CA,757484,HEALING DAYS HOME HEALTH INC,1545 N VERDUGO RD SUITE 218,GLENDALE,91208,3234483616,-,-,-,-,-,-,-,11/27/2023,2,-,31,41,75.61,-,25,37,67.57,-,21,28,77.32,-,19,28,73.88,-,22,28,84.68,-,-,-,-,The number of patient episodes for this measure is too small to report.,11,28,57.25,-,0,28,0.00,-,2,41,4.88,-,0,41,0.00,-,8,28,28.57,-,-,-,-,The number of patient episodes for this measure is too small to report.,26,27,96.30,-,-,10,-,-,-,-,Not Available,The number of patient episodes for this measure is too small to report.,-,3,-,-,-,-,Not Available,The number of patient episodes for this measure is too small to report.,-,12,-,-,-,-,Not Available,The number of patient episodes for this measure is too small to report.,0.79,-,24,170,Low CMS star rating; Timely care performance gap; Quality performance concern
CA,757509,SWEET SUNSHINE HOME HEALTH,7335 TOPANGA CANYON BLVD SUITE 205,CANOGA PARK,91303,7477774431,-,-,-,-,-,-,-,12/16/2023,1.5,-,31,35,88.57,-,0,33,0.00,-,26,34,77.60,-,17,34,46.77,-,28,34,76.75,-,0,34,0.00,-,-,-,-,The number of patient episodes for this measure is too small to report.,0,34,0.00,-,0,35,0.00,-,0,35,0.00,-,0,34,0.00,-,-,-,-,The number of patient episodes for this measure is too small to report.,33,33,100.00,-,-,-,-,-,-,-,-,This measure currently does not have data or provider has been certified/recertified for less than 6 months.,-,-,-,-,-,-,-,This measure currently does not have data or provider has been certified/recertified for less than 6 months.,-,-,-,-,-,-,-,This measure currently does not have data or provider has been certified/recertified for less than 6 months.,-,This measure currently does not have data or provider has been certified/recertified for less than 6 months.,-,170,Low CMS star rating; Timely care performance gap; Quality performance concern
CA,757561,HEROIC HOME HEALTH CARE,14545 FRIAR ST SUITE 135,VAN NUYS,91411,7472866672,-,-,-,-,-,-,-,04/09/2024,2.5,-,18,21,85.71,-,0,20,0.00,-,7,21,56.77,-,2,21,47.61,-,20,21,97.55,-,20,21,100.00,-,5,21,49.58,-,0,21,0.00,-,9,21,42.86,-,0,21,0.00,-,18,21,85.71,-,20,20,100.00,-,-,-,-,The number of patient episodes for this measure is too small to report.,-,2,-,-,-,-,Not Available,The number of patient episodes for this measure is too small to report.,-,-,-,-,-,-,-,This measure currently does not have data or provider has been certified/recertified for less than 6 months.,-,2,-,-,-,-,Not Available,The number of patient episodes for this measure is too small to report.,-,The number of patient episodes for this measure is too small to report.,12,170,Low CMS star rating; Timely care performance gap; Quality performance concern
CA,757573,"1ST SOLUTION HOME HEALTH, INC.",1314 W GLENOAKS BLVD SUITE 106,GLENDALE,91201,8009139920,-,-,-,-,-,-,-,10/17/2023,2,-,40,50,80.00,-,15,49,30.61,-,38,46,84.92,-,44,46,94.77,-,34,46,66.54,-,26,42,63.51,-,35,46,76.58,-,0,46,0.00,-,40,50,80.00,-,1,50,2.00,-,23,46,50.00,-,-,-,-,The number of patient episodes for this measure is too small to report.,46,46,100.00,-,-,-,-,-,-,-,-,This measure currently does not have data or provider has been certified/recertified for less than 6 months.,-,-,-,-,-,-,-,This measure currently does not have data or provider has been certified/recertified for less than 6 months.,-,-,-,-,-,-,-,This measure currently does not have data or provider has been certified/recertified for less than 6 months.,-,This measure currently does not have data or provider has been certified/recertified for less than 6 months.,-,170,Low CMS star rating; Timely care performance gap; Quality performance concern
CO,067402,SUMMIT HOME HEALTH CARE,1160 LAKE PLAZA DR STE 255,COLORADO SPRINGS,80906,7195330084,PROPRIETARY,Yes,Yes,Yes,Yes,No,Yes,06/24/1997,1,-,52,82,63.41,-,24,54,44.44,-,21,45,62.36,-,15,39,58.85,-,28,53,66.05,-,15,31,67.79,-,18,33,65.03,-,0,56,0.00,-,73,83,87.95,-,1,80,1.25,-,29,56,51.79,-,8,27,29.63,-,53,55,96.36,-,-,12,-,-,-,-,Not Available,The number of patient episodes for this measure is too small to report.,-,7,-,-,-,-,Not Available,The number of patient episodes for this measure is too small to report.,-,9,-,-,-,-,Not Available,The number of patient episodes for this measure is too small to report.,-,The number of patient episodes for this measure is too small to report.,19,170,Low CMS star rating; Timely care performance gap; Quality performance concern
CO,067600,A BETTER COLORADO HOME HEALTH CARE AGENCY LLC,126 W D ST,PUEBLO,81003,7199740520,PROPRIETARY,Yes,Yes,Yes,No,No,Yes,07/07/2021,1.5,-,64,77,83.12,-,20,30,66.67,-,26,43,69.06,-,21,41,65.90,-,27,44,73.56,-,20,36,62.68,-,12,28,51.28,-,0,48,0.00,-,60,79,75.95,-,2,78,2.56,-,22,46,47.83,-,16,37,43.24,-,22,41,53.66,-,-,-,-,-,-,-,-,This measure currently does not have data or provider has been certified/recertified for less than 6 months.,-,-,-,-,-,-,-,This measure currently does not have data or provider has been certified/recertified for less than 6 months.,-,-,-,-,-,-,-,This measure currently does not have data or provider has been certified/recertified for less than 6 months.,-,This measure currently does not have data or provider has been certified/recertified for less than 6 months.,-,170,Low CMS star rating; Timely care performance gap; Quality performance concern
CO,067622,STAR LIGHT HOME HEALTH,122 S PARK AVE,MONTROSE,81401,9704141650,PROPRIETARY,Yes,Yes,Yes,Yes,No,Yes,08/02/2022,1.5,-,67,77,87.01,-,37,52,71.15,-,28,55,66.81,-,25,52,63.55,-,31,55,68.05,-,26,36,85.79,-,10,27,51.85,-,0,58,0.00,-,49,77,63.64,-,2,71,2.82,-,38,56,67.86,-,8,24,33.33,-,25,53,47.17,-,75,109,68.81,77.29,68.40,84.87,Same As National Rate,-,2,34,5.88,4.22,3.00,5.86,Same As National Rate,-,11,54,20.37,16.06,10.10,24.54,Same As National Rate,-,1.11,-,151,170,Low CMS star rating; Timely care performance gap; Quality performance concern
DC,097073,INTEGRATED COMMUNITY SERVICES INC,"820 FIRST STREET NE, SUITE 425",WASHINGTON,20002,2025061209,PROPRIETARY,Yes,Yes,Yes,Yes,No,Yes,01/11/2017,2.5,-,15,49,30.61,-,38,49,77.55,-,20,29,86.20,-,22,29,90.20,-,21,30,81.02,-,14,22,79.90,-,14,26,77.84,-,0,30,0.00,-,50,56,89.29,-,0,55,0.00,-,22,30,73.33,-,15,40,37.50,-,-,-,-,The number of patient episodes for this measure is too small to report.,-,1,-,-,-,-,Not Available,The number of patient episodes for this measure is too small to report.,-,-,-,-,-,-,-,This measure currently does not have data or provider has been certified/recertified for less than 6 months.,-,1,-,-,-,-,Not Available,The number of patient episodes for this measure is too small to report.,-,The number of patient episodes for this measure is too small to report.,1,170,Low CMS star rating; Timely care performance gap; Quality performance concern
FL,107073,INDEPENDENT LIVING HOME HEALTH,7771 W OAKLAND PARK BLVD,SUNRISE,33351,7865322024,PROPRIETARY,Yes,Yes,Yes,No,Yes,Yes,07/01/1970,1.5,-,41,47,87.23,-,13,29,44.83,-,9,30,48.57,-,11,30,51.13,-,16,30,59.53,-,-,-,-,The number of patient episodes for this measure is too small to report.,15,22,78.00,-,0,35,0.00,-,39,47,82.98,-,1,45,2.22,-,18,34,52.94,-,-,-,-,The number of patient episodes for this measure is too small to report.,26,32,81.25,-,-,9,-,-,-,-,Not Available,The number of patient episodes for this measure is too small to report.,-,13,-,-,-,-,Not Available,The number of patient episodes for this measure is too small to report.,-,4,-,-,-,-,Not Available,The number of patient episodes for this measure is too small to report.,-,The number of patient episodes for this measure is too small to report.,4,170,Low CMS star rating; Timely care performance gap; Quality performance concern
FL,107667,DD HEALTH HOME CARE INC,4150 NW 7TH ST STE 208,MIAMI,33126,3056434747,PROPRIETARY,Yes,Yes,Yes,No,Yes,Yes,09/14/2001,1.5,-,56,64,87.50,-,1,41,2.44,-,14,43,58.72,-,7,41,49.16,-,13,46,44.90,-,6,23,45.90,-,6,42,39.50,-,0,52,0.00,-,54,64,84.38,-,1,64,1.56,-,28,46,60.87,-,47,49,95.92,-,-,-,-,The number of patient episodes for this measure is too small to report.,25,29,86.21,91.56,76.81,100.52,Same As National Rate,-,-,11,-,-,-,-,Not Available,The number of patient episodes for this measure is too small to report.,3,20,15.00,11.42,6.41,20.34,Same As National Rate,-,0.94,-,54,170,Low CMS star rating; Timely care performance gap; Quality performance concern
FL,108330,PERFECT CARE HOME HEALTH AGENCY,14411 COMMERCE WAY STE 220,MIAMI LAKES,33016,3058233561,NON-PROFIT,Yes,Yes,Yes,Yes,No,Yes,07/21/2006,1.5,-,48,59,81.36,-,23,37,62.16,-,21,43,56.41,-,23,43,72.46,-,30,43,75.89,-,10,27,49.11,-,8,35,45.68,-,0,44,0.00,-,20,59,33.90,-,0,58,0.00,-,19,43,44.19,-,4,39,10.26,-,-,-,-,The number of patient episodes for this measure is too small to report.,118,143,82.52,85.99,78.84,90.56,Better Than National Rate,-,2,72,2.78,3.98,2.80,5.37,Same As National Rate,-,4,60,6.67,9.19,4.98,15.69,Same As National Rate,-,0.96,-,205,170,Low CMS star rating; Timely care performance gap; Quality performance concern
FL,109013,"WORLD FIRST CLASS HOME HEALTH, INC",3475 SHERIDAN ST STE 315,HOLLYWOOD,33021,9549873406,PROPRIETARY,Yes,Yes,Yes,Yes,Yes,Yes,05/30/2008,1.5,-,54,70,77.14,-,16,49,32.65,-,17,45,64.39,-,16,44,59.49,-,21,45,60.88,-,12,20,75.05,-,15,32,72.97,-,0,45,0.00,-,57,70,81.43,-,0,70,0.00,-,22,45,48.89,-,24,31,77.42,-,29,39,74.36,-,-,10,-,-,-,-,Not Available,The number of patient episodes for this measure is too small to report.,-,1,-,-,-,-,Not Available,The number of patient episodes for this measure is too small to report.,-,8,-,-,-,-,Not Available,The number of patient episodes for this measure is too small to report.,-,The number of patient episodes for this measure is too small to report.,7,170,Low CMS star rating; Timely care performance gap; Quality performance concern
FL,109386,ALPHA HOMECARE & THERAPY AGENCY LLC,401 N WICKHAM RD STE O,MELBOURNE,32935,-,PROPRIETARY,Yes,Yes,Yes,Yes,No,Yes,09/18/2009,2.5,-,51,65,78.46,-,17,38,44.74,-,32,46,83.54,-,36,46,86.20,-,36,46,88.86,-,33,43,83.36,-,23,44,71.88,-,0,50,0.00,-,58,66,87.88,-,0,66,0.00,-,26,46,56.52,-,13,27,48.15,-,32,39,82.05,-,62,81,76.54,85.15,74.78,92.53,Same As National Rate,-,2,34,5.88,4.22,2.98,6.25,Same As National Rate,-,3,46,6.52,8.72,5.21,14.40,Same As National Rate,-,0.93,-,117,170,Low CMS star rating; Timely care performance gap; Quality performance concern
FL,109433,INDEPENDENCE HOME HEALTH OF SOUTH FLORIDA,451 SE RIVERSIDE DR,STUART,34994,7724198892,PROPRIETARY,Yes,Yes,Yes,Yes,Yes,Yes,11/08/2009,2,-,20,42,47.62,-,22,33,66.67,-,15,39,48.92,-,21,39,63.93,-,23,39,64.52,-,-,-,-,The number of patient episodes for this measure is too small to report.,14,32,55.96,-,0,39,0.00,-,32,42,76.19,-,1,42,2.38,-,16,39,41.03,-,-,-,-,The number of patient episodes for this measure is too small to report.,25,29,86.21,-,97,111,87.39,84.15,77.12,88.11,Same As National Rate,-,0,34,0.00,3.99,2.63,5.87,Same As National Rate,-,2,62,3.23,8.35,4.89,16.07,Same As National Rate,-,0.80,-,151,170,Low CMS star rating; Timely care performance gap; Quality performance concern
FL,109466,SUNRISE HOME HEALTH & SUPPLIES OF BRADENTON,3911 GOLF PARK LOOP UNIT #101,BRADENTON,34203,8552414685,PROPRIETARY,Yes,Yes,Yes,Yes,Yes,Yes,09/28/2009,2.5,-,70,81,86.42,-,35,51,68.63,-,39,58,90.72,-,37,58,83.97,-,51,58,92.21,-,32,56,62.51,-,18,32,75.72,-,0,60,0.00,-,62,81,76.54,-,1,81,1.23,-,30,59,50.85,-,20,36,55.56,-,40,44,90.91,-,-,15,-,-,-,-,Not Available,The number of patient episodes for this measure is too small to report.,-,3,-,-,-,-,Not Available,The number of patient episodes for this measure is too small to report.,-,5,-,-,-,-,Not Available,The number of patient episodes for this measure is too small to report.,1.07,-,36,170,Low CMS star rating; Timely care performance gap; Quality performance concern
FL,109633,ACLARIS GROUP HOME LLC,"7827 N DALE MABRY HWY, STE 103",TAMPA,33614,-,PROPRIETARY,Yes,Yes,Yes,Yes,Yes,Yes,12/30/2010,1.5,-,34,48,70.83,-,7,32,21.88,-,2,26,44.52,-,3,26,40.45,-,7,27,52.92,-,-,-,-,The number of patient episodes for this measure is too small to report.,4,24,57.87,-,0,31,0.00,-,27,48,56.25,-,0,48,0.00,-,7,27,25.93,-,36,39,92.31,-,-,-,-,The number of patient episodes for this measure is too small to report.,74,98,75.51,80.99,70.45,88.53,Same As National Rate,-,-,18,-,-,-,-,Not Available,The number of patient episodes for this measure is too small to report.,4,36,11.11,11.68,6.78,19.74,Same As National Rate,-,1.05,-,226,170,Low CMS star rating; Timely care performance gap; Quality performance concern
FL,109798,UNIQUE MED HOME HEALTH CARE SERVICES INC,1750 N FLORIDA MANGO RD STE 102A,WEST PALM BEACH,33409,5614787035,PROPRIETARY,Yes,Yes,Yes,Yes,Yes,Yes,07/16/2012,1,-,28,34,82.35,-,-,-,-,The number of patient episodes for this measure is too small to report.,5,25,41.75,-,2,25,34.47,-,13,24,69.93,-,5,20,36.28,-,3,24,16.79,-,0,25,0.00,-,29,34,85.29,-,0,34,0.00,-,5,25,20.00,-,-,-,-,The number of patient episodes for this measure is too small to report.,-,-,-,The number of patient episodes for this measure is too small to report.,-,18,-,-,-,-,Not Available,The number of patient episodes for this measure is too small to report.,-,4,-,-,-,-,Not Available,The number of patient episodes for this measure is too small to report.,-,16,-,-,-,-,Not Available,The number of patient episodes for this measure is too small to report.,-,The number of patient episodes for this measure is too small to report.,15,170,Low CMS star rating; Timely care performance gap; Quality performance concern
FL,687047,BLOOMING GARDENS OF CARE INC,13688 W HILLSBOROUGH AVE,TAMPA,33635,8135636182,PROPRIETARY,Yes,Yes,Yes,Yes,Yes,Yes,07/09/2020,1.5,-,37,42,88.10,-,-,-,-,The number of patient episodes for this measure is too small to report.,6,25,46.91,-,6,23,55.33,-,4,26,36.19,-,-,-,-,The number of patient episodes for this measure is too small to report.,4,25,45.18,-,0,31,0.00,-,20,42,47.62,-,0,42,0.00,-,7,27,25.93,-,19,24,79.17,-,-,-,-,The number of patient episodes for this measure is too small to report.,61,71,85.92,89.36,78.64,95.02,Better Than National Rate,-,-,14,-,-,-,-,Not Available,The number of patient episodes for this measure is too small to report.,2,33,6.06,9.66,5.23,16.54,Same As National Rate,-,1.03,-,124,170,Low CMS star rating; Timely care performance gap; Quality performance concern
FL,687164,VIDA HOME HEALTH SERVICES LLC,6001 NW 153RD ST STE 140,MIAMI LAKES,33014,7865425164,-,-,-,-,-,-,-,03/21/2022,2,-,73,86,84.88,-,16,48,33.33,-,22,46,68.62,-,22,46,64.47,-,22,47,67.20,-,23,42,65.17,-,19,46,82.08,-,0,57,0.00,-,44,86,51.16,-,2,86,2.33,-,6,47,12.77,-,15,41,36.59,-,15,40,37.50,-,-,15,-,-,-,-,Not Available,The number of patient episodes for this measure is too small to report.,-,4,-,-,-,-,Not Available,The number of patient episodes for this measure is too small to report.,-,15,-,-,-,-,Not Available,The number of patient episodes for this measure is too small to report.,0.94,-,40,170,Low CMS star rating; Timely care performance gap; Quality performance concern
FL,687257,INTERIM HEALTHCARE OF DORAL,"7300 BISCAYNE BLVD, STE 200",MIAMI,33138,3056979697,-,-,-,-,-,-,-,06/20/2023,1,-,57,79,72.15,-,12,53,22.64,-,18,53,45.06,-,15,53,36.41,-,24,55,48.15,-,4,20,31.64,-,15,40,47.23,-,0,59,0.00,-,57,80,71.25,-,0,80,0.00,-,19,58,32.76,-,27,27,100.00,-,50,53,94.34,-,-,13,-,-,-,-,Not Available,The number of patient episodes for this measure is too small to report.,-,6,-,-,-,-,Not Available,The number of patient episodes for this measure is too small to report.,-,12,-,-,-,-,Not Available,The number of patient episodes for this measure is too small to report.,0.87,-,20,170,Low CMS star rating; Timely care performance gap; Quality performance concern
FL,687301,MOTHER MARIA HOME HEALTH CARE INC,2719 HOLLYWOOD BLVD PMB 27,HOLLYWOOD,33020,9548420432,-,-,-,-,-,-,-,01/23/2024,1,-,45,52,86.54,-,14,46,30.43,-,9,32,59.56,-,15,32,62.16,-,10,32,53.61,-,13,30,49.75,-,6,32,53.06,-,0,32,0.00,-,41,52,78.85,-,1,52,1.92,-,8,32,25.00,-,25,28,89.29,-,23,24,95.83,-,-,9,-,-,-,-,Not Available,The number of patient episodes for this measure is too small to report.,-,-,-,-,-,-,-,This measure currently does not have data or provider has been certified/recertified for less than 6 months.,-,9,-,-,-,-,Not Available,The number of patient episodes for this measure is too small to report.,-,The number of patient episodes for this measure is too small to report.,7,170,Low CMS star rating; Timely care performance gap; Quality performance concern
IA,167109,WASHINGTON CO. PUBLIC HEALTH,2175 LEXINGTON BLVD BUILDING #2,WASHINGTON,52353,3196537758,GOVERNMENT OPERATED,Yes,Yes,No,No,No,Yes,06/06/1979,1.5,-,55,62,88.71,-,28,44,63.64,-,6,25,53.19,-,4,24,36.26,-,17,27,82.43,-,6,21,48.41,-,7,22,55.42,-,0,37,0.00,-,14,62,22.58,-,3,51,5.88,-,24,33,72.73,-,15,29,51.72,-,23,33,69.70,-,23,30,76.67,78.04,63.07,89.45,Same As National Rate,-,-,14,-,-,-,-,Not Available,The number of patient episodes for this measure is too small to report.,-,19,-,-,-,-,Not Available,The number of patient episodes for this measure is too small to report.,0.92,-,84,170,Low CMS star rating; Timely care performance gap; Quality performance concern
IA,167165,HORN MEMORIAL HOSPITAL H H A,700 EAST SECOND STREET-PHYSICAL LOCATION,IDA GROVE,51445,7123647311,NON-PROFIT,Yes,Yes,Yes,Yes,Yes,Yes,07/18/1985,2,-,62,70,88.57,-,29,39,74.36,-,19,51,61.79,-,20,32,86.32,-,36,51,80.64,-,14,23,79.83,-,10,27,57.44,-,1,59,2.09,-,44,70,62.86,-,0,65,0.00,-,43,57,75.44,-,-,-,-,The number of patient episodes for this measure is too small to report.,54,54,100.00,-,54,70,77.14,82.28,71.21,90.04,Same As National Rate,-,3,45,6.67,4.36,2.96,5.94,Same As National Rate,-,4,40,10.00,10.64,5.69,17.11,Same As National Rate,-,1.00,-,74,170,Low CMS star rating; Timely care performance gap; Quality performance concern
IL,147736,"WE CARE HOME HEALTH, INC","2446 W DEVON AVE, STE B",CHICAGO,60659,6303803599,PROPRIETARY,Yes,Yes,Yes,Yes,Yes,Yes,07/03/2003,1,-,23,33,69.70,-,10,40,25.00,-,7,32,40.61,-,4,32,32.97,-,8,32,31.76,-,15,32,48.37,-,8,30,41.49,-,0,33,0.00,-,30,42,71.43,-,0,36,0.00,-,3,32,9.38,-,-,-,-,The number of patient episodes for this measure is too small to report.,15,27,55.56,-,-,17,-,-,-,-,Not Available,The number of patient episodes for this measure is too small to report.,-,1,-,-,-,-,Not Available,The number of patient episodes for this measure is too small to report.,-,18,-,-,-,-,Not Available,The number of patient episodes for this measure is too small to report.,0.81,-,31,170,Low CMS star rating; Timely care performance gap; Quality performance concern
IL,147829,"HORIZON HOME HEALTH CARE, INC","540 W. 35TH STREET, STE 102",CHICAGO,60616,3122257706,PROPRIETARY,Yes,Yes,Yes,Yes,Yes,Yes,09/27/2005,2.5,-,44,54,81.48,-,14,47,29.79,-,20,34,81.37,-,20,33,80.24,-,24,34,80.88,-,20,24,94.98,-,12,30,69.75,-,0,34,0.00,-,48,55,87.27,-,0,55,0.00,-,14,34,41.18,-,21,27,77.78,-,23,27,85.19,-,24,55,43.64,50.29,37.76,63.13,Worse Than National Rate,-,-,4,-,-,-,-,Not Available,The number of patient episodes for this measure is too small to report.,3,22,13.64,11.62,6.93,19.96,Same As National Rate,-,0.90,-,213,170,Low CMS star rating; Timely care performance gap; Quality performance concern
IL,148035,"COMMUNITY HOME HEALTH CARE, INC","109 FAIRFIELD WAY, STE 101",BLOOMINGDALE,60108,6305450183,PROPRIETARY,Yes,Yes,Yes,Yes,Yes,Yes,03/05/2009,1,-,23,28,82.14,-,0,25,0.00,-,6,24,54.92,-,8,24,48.42,-,6,24,48.95,-,-,-,-,The number of patient episodes for this measure is too small to report.,8,23,58.87,-,0,24,0.00,-,6,28,21.43,-,0,26,0.00,-,2,24,8.33,-,-,-,-,The number of patient episodes for this measure is too small to report.,-,-,-,The number of patient episodes for this measure is too small to report.,31,37,83.78,84.46,71.25,93.58,Same As National Rate,-,-,12,-,-,-,-,Not Available,The number of patient episodes for this measure is too small to report.,-,13,-,-,-,-,Not Available,The number of patient episodes for this measure is too small to report.,0.68,-,71,170,Low CMS star rating; Timely care performance gap; Quality performance concern
IL,148103,"VIRGOS HOME HEALTH CARE, INC","8930 GROSS POINT ROAD, STE LL100",SKOKIE,60077,8479658914,PROPRIETARY,Yes,Yes,Yes,Yes,Yes,Yes,10/23/2009,2.5,-,26,29,89.66,-,9,28,32.14,-,12,21,80.09,-,14,21,80.68,-,15,21,77.84,-,16,21,82.54,-,12,21,76.40,-,0,22,0.00,-,26,29,89.66,-,0,29,0.00,-,14,21,66.67,-,-,-,-,The number of patient episodes for this measure is too small to report.,-,-,-,The number of patient episodes for this measure is too small to report.,25,41,60.98,63.46,50.87,74.61,Worse Than National Rate,-,-,3,-,-,-,-,Not Available,The number of patient episodes for this measure is too small to report.,-,18,-,-,-,-,Not Available,The number of patient episodes for this measure is too small to report.,0.93,-,171,170,Low CMS star rating; Timely care performance gap; Quality performance concern
IL,148126,REYA AT HOME,"101 MADISON ST, STE 300",OAK PARK,60302,8472787580,PROPRIETARY,Yes,Yes,Yes,Yes,Yes,No,03/30/2010,1.5,-,47,70,67.14,-,34,61,55.74,-,20,40,76.72,-,11,39,52.76,-,15,40,58.81,-,-,-,-,The number of patient episodes for this measure is too small to report.,11,29,70.43,-,0,46,0.00,-,51,72,70.83,-,0,71,0.00,-,18,47,38.30,-,8,30,26.67,-,26,42,61.90,-,37,53,69.81,71.63,58.28,81.35,Same As National Rate,-,-,7,-,-,-,-,Not Available,The number of patient episodes for this measure is too small to report.,-,11,-,-,-,-,Not Available,The number of patient episodes for this measure is too small to report.,0.98,-,140,170,Low CMS star rating; Timely care performance gap; Quality performance concern
IL,148228,"PHYSICIANS PREFERRED HOME HEALTH CARE, INC",7670 PLAZA COURT,WILLOWBROOK,60527,3125003895,PROPRIETARY,Yes,Yes,Yes,Yes,Yes,Yes,01/17/2011,2,-,30,40,75.00,-,8,32,25.00,-,21,31,85.57,-,20,28,81.26,-,23,30,89.76,-,-,-,-,The number of patient episodes for this measure is too small to report.,10,21,65.26,-,0,34,0.00,-,40,65,61.54,-,1,65,1.54,-,25,33,75.76,-,14,36,38.89,-,19,28,67.86,-,8,25,32.00,45.77,27.86,64.63,Worse Than National Rate,-,-,3,-,-,-,-,Not Available,The number of patient episodes for this measure is too small to report.,-,19,-,-,-,-,Not Available,The number of patient episodes for this measure is too small to report.,1.09,-,52,170,Low CMS star rating; Timely care performance gap; Quality performance concern
IL,148238,"DISTINCT HOME HEALTH CARE, LLC",1328 MAIN STREET,CRETE,60417,7085644946,PROPRIETARY,Yes,Yes,Yes,Yes,Yes,Yes,04/14/2011,1.5,-,70,78,89.74,-,34,55,61.82,-,22,49,49.09,-,18,49,41.30,-,28,49,66.85,-,22,46,50.47,-,26,47,61.23,-,0,51,0.00,-,66,78,84.62,-,0,78,0.00,-,8,49,16.33,-,47,49,95.92,-,22,28,78.57,-,38,90,42.22,49.98,39.33,61.02,Worse Than National Rate,-,-,16,-,-,-,-,Not Available,The number of patient episodes for this measure is too small to report.,6,56,10.71,10.40,6.52,16.91,Same As National Rate,-,0.99,-,151,170,Low CMS star rating; Timely care performance gap; Quality performance concern
IL,148276,"ANGEL'S CARE HOME HEALTH SERVICES, INC",5418 N KEDZIE AVENUE,CHICAGO,60625,7737298078,PROPRIETARY,Yes,Yes,Yes,Yes,Yes,Yes,11/03/2011,1.5,-,51,63,80.95,-,13,58,22.41,-,20,41,72.46,-,11,40,53.19,-,16,38,66.38,-,20,30,83.23,-,19,35,81.35,-,0,44,0.00,-,39,63,61.90,-,0,63,0.00,-,21,43,48.84,-,14,25,56.00,-,25,37,67.57,-,37,50,74.00,76.93,63.35,85.72,Same As National Rate,-,-,5,-,-,-,-,Not Available,The number of patient episodes for this measure is too small to report.,5,22,22.73,16.17,7.56,29.24,Same As National Rate,-,0.75,-,295,170,Low CMS star rating; Timely care performance gap; Quality performance concern
IL,148323,VICTORIOUS HOME HEALTH AGENCY,21032 80TH AVENUE,FRANKFORT,60423,8154649201,PROPRIETARY,Yes,Yes,Yes,Yes,Yes,Yes,04/19/2012,2.5,-,25,35,71.43,-,23,28,82.14,-,24,28,98.19,-,25,28,86.39,-,23,28,87.62,-,12,25,55.53,-,12,28,45.93,-,0,28,0.00,-,23,35,65.71,-,0,35,0.00,-,7,28,25.00,-,16,20,80.00,-,-,-,-,The number of patient episodes for this measure is too small to report.,18,24,75.00,77.17,57.19,88.71,Same As National Rate,-,-,8,-,-,-,-,Not Available,The number of patient episodes for this measure is too small to report.,-,12,-,-,-,-,Not Available,The number of patient episodes for this measure is too small to report.,0.67,-,139,170,Low CMS star rating; Timely care performance gap; Quality performance concern
IL,148404,"ADVANCED NURSING CARE, INC",503 S. WEBER RD.,BOLINGBROOK,60490,6304179417,-,-,-,-,-,-,-,05/18/2023,1,-,32,41,78.05,-,0,35,0.00,-,11,32,50.84,-,8,32,31.38,-,8,32,30.80,-,10,31,49.93,-,9,26,57.62,-,0,32,0.00,-,13,41,31.71,-,0,41,0.00,-,5,32,15.63,-,9,22,40.91,-,-,-,-,The number of patient episodes for this measure is too small to report.,-,3,-,-,-,-,Not Available,The number of patient episodes for this measure is too small to report.,-,-,-,-,-,-,-,This measure currently does not have data or provider has been certified/recertified for less than 6 months.,-,3,-,-,-,-,Not Available,The number of patient episodes for this measure is too small to report.,0.59,-,23,170,Low CMS star rating; Timely care performance gap; Quality performance concern
IN,157694,LASIK HOME HEALTH CARE INC,9723 S PRAIRIE AVENUE,HIGHLAND,46322,2195138201,PROPRIETARY,Yes,Yes,Yes,No,No,Yes,08/16/2017,1,-,15,39,38.46,-,5,33,15.15,-,2,21,37.67,-,5,21,51.28,-,6,21,48.79,-,7,21,43.28,-,-,-,-,The number of patient episodes for this measure is too small to report.,0,23,0.00,-,29,42,69.05,-,0,38,0.00,-,7,23,30.43,-,13,26,50.00,-,-,-,-,The number of patient episodes for this measure is too small to report.,-,14,-,-,-,-,Not Available,The number of patient episodes for this measure is too small to report.,-,1,-,-,-,-,Not Available,The number of patient episodes for this measure is too small to report.,-,5,-,-,-,-,Not Available,The number of patient episodes for this measure is too small to report.,1.06,-,26,170,Low CMS star rating; Timely care performance gap; Quality performance concern
KS,178132,ONLY ANGELS HOME HEALTHCARE LLC,1624 S RUTAN,WICHITA,67218,3165193360,-,-,-,-,-,-,-,12/08/2022,2,-,75,88,85.23,-,34,68,50.00,-,20,57,62.57,-,23,48,68.66,-,29,65,67.00,-,22,55,63.19,-,21,37,81.83,-,0,70,0.00,-,41,88,46.59,-,2,88,2.27,-,57,69,82.61,-,29,31,93.55,-,56,56,100.00,-,19,36,52.78,58.34,43.86,73.54,Worse Than National Rate,-,-,2,-,-,-,-,Not Available,The number of patient episodes for this measure is too small to report.,2,30,6.67,10.28,5.76,17.65,Same As National Rate,-,0.93,-,70,170,Low CMS star rating; Timely care performance gap; Quality performance concern
MA,227594,"BENEFICENCE HOME HEALTHCARE, INC","500 GRANITE AVENUE, SUITE #5",MILTON,02186,9786884200,PROPRIETARY,Yes,Yes,Yes,Yes,Yes,Yes,04/29/2014,1,-,44,52,84.62,-,29,40,72.50,-,3,21,46.39,-,3,21,41.36,-,6,21,46.46,-,-,-,-,The number of patient episodes for this measure is too small to report.,9,20,59.25,-,0,22,0.00,-,15,52,28.85,-,0,52,0.00,-,-,-,-,The number of patient episodes for this measure is too small to report.,18,30,60.00,-,18,20,90.00,-,-,-,-,-,-,-,-,This measure currently does not have data or provider has been certified/recertified for less than 6 months.,-,-,-,-,-,-,-,This measure currently does not have data or provider has been certified/recertified for less than 6 months.,-,-,-,-,-,-,-,This measure currently does not have data or provider has been certified/recertified for less than 6 months.,-,This measure currently does not have data or provider has been certified/recertified for less than 6 months.,-,170,Low CMS star rating; Timely care performance gap; Quality performance concern
MI,237463,PRIORITY ONE HOME HEALTH,27196 DEQUINDRE RD,WARREN,48092,2484390455,PROPRIETARY,Yes,Yes,Yes,Yes,Yes,Yes,11/21/2001,1.5,-,33,37,89.19,-,16,27,59.26,-,9,22,57.33,-,9,22,63.85,-,5,23,37.61,-,13,22,68.49,-,1,22,39.18,-,0,24,0.00,-,33,37,89.19,-,0,36,0.00,-,9,23,39.13,-,-,-,-,The number of patient episodes for this measure is too small to report.,19,21,90.48,-,22,26,84.62,84.39,70.26,93.35,Same As National Rate,-,-,5,-,-,-,-,Not Available,The number of patient episodes for this measure is too small to report.,7,24,29.17,15.11,8.13,24.02,Same As National Rate,-,0.82,-,42,170,Low CMS star rating; Timely care performance gap; Quality performance concern
MI,237474,PARRISH HOME HEALTHCARE,25925 TELEGRAPH RD STE 202,SOUTHFIELD,48033,2485475778,PROPRIETARY,Yes,Yes,Yes,Yes,Yes,Yes,10/07/2002,2.5,-,31,37,83.78,-,29,31,93.55,-,16,26,78.87,-,18,26,82.60,-,18,26,81.03,-,13,21,71.67,-,13,23,78.00,-,0,27,0.00,-,30,37,81.08,-,0,37,0.00,-,15,26,57.69,-,-,-,-,The number of patient episodes for this measure is too small to report.,16,21,76.19,-,2,34,5.88,18.63,9.17,34.33,Worse Than National Rate,-,-,9,-,-,-,-,Not Available,The number of patient episodes for this measure is too small to report.,-,19,-,-,-,-,Not Available,The number of patient episodes for this measure is too small to report.,0.72,-,51,170,Low CMS star rating; Timely care performance gap; Quality performance concern
MI,237607,SYNERGY HOME HEALTH CARE,28009 JOHN R ROAD,MADISON HEIGHTS,48071,2483368999,PROPRIETARY,Yes,Yes,Yes,Yes,Yes,Yes,06/29/2006,2.5,-,32,46,69.57,-,25,31,80.65,-,39,44,89.78,-,36,44,84.79,-,42,44,95.02,-,19,29,68.71,-,24,42,66.17,-,0,44,0.00,-,11,46,23.91,-,0,46,0.00,-,24,44,54.55,-,-,-,-,The number of patient episodes for this measure is too small to report.,39,43,90.70,-,40,45,88.89,89.23,78.59,96.29,Better Than National Rate,-,-,2,-,-,-,-,Not Available,The number of patient episodes for this measure is too small to report.,-,14,-,-,-,-,Not Available,The number of patient episodes for this measure is too small to report.,1.08,-,130,170,Low CMS star rating; Timely care performance gap; Quality performance concern
MI,237668,AVANTI HOME HEALTH CARE,31215 NOVI RD,NOVI,48377,2488634650,PROPRIETARY,Yes,Yes,Yes,Yes,Yes,Yes,01/04/2007,2,-,28,32,87.50,-,21,27,77.78,-,19,30,76.46,-,14,30,70.45,-,19,30,70.18,-,17,23,84.11,-,8,23,56.94,-,0,30,0.00,-,28,33,84.85,-,0,33,0.00,-,15,30,50.00,-,-,-,-,The number of patient episodes for this measure is too small to report.,17,24,70.83,-,19,30,63.33,82.79,60.20,98.55,Same As National Rate,-,-,9,-,-,-,-,Not Available,The number of patient episodes for this measure is too small to report.,1,20,5.00,8.67,5.19,15.14,Same As National Rate,-,0.98,-,38,170,Low CMS star rating; Timely care performance gap; Quality performance concern
MI,237696,SENIOR CITIZENS HOME HEALTH CARE,25334 5 MILE RD,REDFORD,48239,2485520764,PROPRIETARY,Yes,Yes,Yes,Yes,Yes,Yes,09/07/2007,2.5,-,68,79,86.08,-,21,42,50.00,-,39,62,76.18,-,49,61,89.01,-,51,62,89.06,-,33,48,75.12,-,35,53,79.33,-,0,62,0.00,-,66,79,83.54,-,0,79,0.00,-,32,62,51.61,-,14,37,37.84,-,28,41,68.29,-,58,79,73.42,83.04,72.80,90.26,Same As National Rate,-,7,36,19.44,4.91,3.43,6.94,Same As National Rate,-,4,40,10.00,11.04,6.11,19.92,Same As National Rate,-,0.93,-,119,170,Low CMS star rating; Timely care performance gap; Quality performance concern
MI,237774,"HONEST HOME CARE, INC","1681 E AUBURN RD, SUITE B",ROCHESTER HILLS,48307,5869972876,PROPRIETARY,Yes,Yes,No,No,No,No,08/04/2008,2.5,-,40,45,88.89,-,15,25,60.00,-,15,28,68.82,-,20,27,97.48,-,21,28,86.73,-,13,25,67.98,-,12,23,67.36,-,0,28,0.00,-,39,45,86.67,-,1,45,2.22,-,23,28,82.14,-,-,-,-,The number of patient episodes for this measure is too small to report.,17,25,68.00,-,87,101,86.14,86.65,78.80,92.43,Better Than National Rate,-,2,22,9.09,4.26,3.11,6.31,Same As National Rate,-,4,27,14.81,12.31,7.20,21.10,Same As National Rate,-,0.77,-,192,170,Low CMS star rating; Timely care performance gap; Quality performance concern
MN,247288,HIAWATHA HOMECARE,4920 MOUNDVIEW DRIVE SUITE B,RED WING,55066,6513882223,PROPRIETARY,Yes,Yes,No,No,No,Yes,08/26/1993,2.5,-,13,51,25.49,-,21,35,60.00,-,12,23,81.51,-,10,20,74.30,-,10,23,71.02,-,17,23,98.08,-,-,-,-,The number of patient episodes for this measure is too small to report.,0,30,0.00,-,47,53,88.68,-,0,48,0.00,-,18,27,66.67,-,9,27,33.33,-,22,26,84.62,-,-,4,-,-,-,-,Not Available,The number of patient episodes for this measure is too small to report.,-,3,-,-,-,-,Not Available,The number of patient episodes for this measure is too small to report.,-,2,-,-,-,-,Not Available,The number of patient episodes for this measure is too small to report.,-,The number of patient episodes for this measure is too small to report.,9,170,Low CMS star rating; Timely care performance gap; Quality performance concern
MN,248027,HORIZON HEALTH HOMECARE,26814 143RD STREET PO BOX 220,PIERZ,56364,3204682788,NON-PROFIT,Yes,Yes,Yes,No,No,Yes,08/16/1995,1.5,-,42,71,59.15,-,28,53,52.83,-,18,44,67.57,-,8,37,42.10,-,28,45,75.62,-,19,34,73.46,-,13,34,62.41,-,0,57,0.00,-,39,72,54.17,-,2,67,2.99,-,37,53,69.81,-,9,32,28.13,-,12,39,30.77,-,30,35,85.71,88.71,76.59,96.82,Same As National Rate,-,0,24,0.00,4.02,2.91,5.71,Same As National Rate,-,-,11,-,-,-,-,Not Available,The number of patient episodes for this measure is too small to report.,0.78,-,84,170,Low CMS star rating; Timely care performance gap; Quality performance concern
